TrainPercentage,AccuracyTrain,AccuracyTest
6999.0,0.9929728954538936,0.7425477707006369
TrainPercentage,AccuracyTrain,AccuracyTest
6999.0,0.9929728954538936,0.7425477707006369
6562.0,0.9917380660954712,0.740764331210191
